id;name;name_es;name_en;rarity_percent;rarity;level;max_per_deck;class;kind;image;casting_cost;attack;defense;badge_left;badge_right;type;subtype;ability;special;on_before_cast;on_activate;on_before_attack;settings
0;Dophan;Dophan;Dophan;50;normal;1;12;creature;[[“monster”, “machine”], [“size”, “normal”]];crt_dophan_g.jpg;3;2;1;none;none;normal;normal;[];[];[];[];[];[]
1;Duende;Duende;Goblin;1;normal;1;12;creature;[[“humanoid”, “goblin”], [“size”, “small”]];crt_duende_g.jpg;1;1;1;none;none;normal;normal;[];[];[];[];[];[]
2;Elfo Bardo;Elfo Bardo;Bard Elf;1;normal;1;12;creature;[[“humanoid”, “elf”], [“size”, “normal”]];crt_elfo_bardo_g.jpg;2;0;2;none;none;normal;normal;[];[];[];[];[];[]
3;Gorad Menor;Gorad Menor;Lesser Gorad;60;rare;1;12;creature;[[“monster”, “plant”], [“size”, “small”]];crt_gorad_menor_g.jpg;3;1;2;none;none;normal;normal;[];[];[];[];[];[]
4;Guerrero Menor;Guerrero Menor;Lesser Warrior;1;normal;1;12;creature;[[“humanoid”, “normal”], [“size”, “normal”]];crt_guerrero_menor_g.jpg;2;1;1;none;none;normal;normal;[];[];[];[];[];[]
5;Mel;Mel;Mel;1;normal;1;12;creature;[[“humanoid”, “normal”], [“size”, “normal”]];crt_mel_g.jpg;2;1;1;none;none;normal;normal;[];[];[];[];[];[]
6;Mimit;Mimit;Mimit;20;normal;1;12;creature;[[“monster”, “bug”], [“size”, “small”]];crt_mimit_g.jpg;3;0;3;none;none;normal;normal;[];[];[];[];[];[]
7;Poder;Poder;Power;1;normal;1;12;power;[[“power”, “normal”]];crt_poder_g.jpg;0;0;0;none;none;normal;normal;[];[];[];[{“pay”:0,”inc_owner_power”:1, “limit”:-1}];[];[]
8;Aries Menor;Aries Menor;Lesser Aries;1;normal;2;12;creature;[[“monster”, “normal”], [“size”, “small”]];crt_aries_menor_g.jpg;3;2;1;none;none;normal;normal;[];[];[];[];[];[]
9;Guarda;Guarda;Guarda;60;rare;2;12;creature;[[“humanoid”, “normal”], [“size”, “normal”]];crt_guarda_g.jpg;3;0;4;none;none;normal;normal;[];[];[];[];[];[]
10;Guerrero Mediano;Guerrero;Warrior;1;normal;2;12;creature;[[“humanoid”, “normal”], [“size”, “normal”]];crt_guerrero_mediano_g.jpg;3;2;2;none;none;normal;normal;[];[];[];[];[];[]
11;Lestat;Lestat;Lestat;60;rare;2;12;creature;[[“humanoid”, “vampire”], [“size”, “normal”]];crt_lestat_g.jpg;2;3;1;none;none;normal;normal;[];[];[];[];[];[]
12;Ninfa;Ninfa;Nymph;50;normal;2;12;creature;[[“humanoid”, “fairy”], [“size”, “normal”]];crt_ninfa_g.jpg;2;1;3;none;none;normal;normal;[];[];[];[];[];[]
13;Ozk;Ozk;Ozk;80;legendary;2;3;creature;[[“monster”, “machine”], [“size”, “small”]];crt_ozk_g.jpg;1;2;2;none;none;normal;normal;[];[];[];[];[];[]
14;Aries Mediano;Aries;Aries;20;normal;3;12;creature;[[“monster”, “normal”], [“size”, “big”]];crt_aries_mediano_g.jpg;4;1;4;none;none;normal;normal;[];[];[];[];[];[]
15;Atia;Atia;Atia;20;normal;3;12;creature;[[“humanoid”, “elf”], [“size”, “normal”]];crt_atia_g.jpg;4;4;2;none;none;normal;normal;[];[];[];[];[];[]
16;Chapanhan;Chapanhan;Chapanhan;70;rare;3;12;creature;[[“monster”, “bug”], [“size”, “small”]];crt_chapanhan_g.jpg;2;4;1;none;none;normal;normal;[];[];[];[];[];[]
17;Eio Menor;Eio Menor;Lesser Eio;1;normal;3;12;creature;[[“monster”, “bug”], [“size”, “big”]];crt_eio_menor_g.jpg;2;1;4;none;none;normal;normal;[];[];[];[];[];[]
18;Enano Menor;Enano Menor;Lesser Dwarf;20;normal;3;12;creature;[[“humanoid”, “dwarf”], [“size”, “small”]];crt_enano_menor_g.jpg;5;3;3;none;none;normal;normal;[];[];[];[];[];[]
19;Explorador;Explorador;Explorer;95;legendary;3;2;creature;[[“humanoid”, “normal”], [“size”, “normal”], [“magic”, “blue”]];crt_explorador_g.jpg;5;0;1;none;none;normal;normal;[{“pay”:10,”inc_self_attack”:1, “limit”:5}];[];[];[];[];[]
20;Gorad Mediano;Gorad;Gorad;20;normal;3;12;creature;[[“monster”, “plant”], [“size”, “normal”]];crt_gorad_mediano_g.jpg;5;2;5;none;none;normal;normal;[];[];[];[];[];[]
21;Bashi;Bashi;Bashi;60;rare;4;12;creature;[[“humanoid”, “elf”], [“size”, “normal”]];crt_bashi_g.jpg;2;2;4;none;none;normal;normal;[];[];[];[];[];[]
22;Enano Mayor;Enano Mayor;Great Dwarf;20;normal;4;12;creature;[[“humanoid”, “dwarf”], [“size”, “normal”]];crt_enano_mayor_g.jpg;4;4;3;none;none;normal;normal;[];[];[];[];[];[]
23;Golem;Golem;Golem;20;normal;4;12;creature;[[“monster”, “earth”], [“size”, “normal”]];crt_golem_g.jpg;6;0;10;none;none;normal;normal;[];[];[];[];[];[]
24;Gorad Mayor;Gorad Mayor;Great Gorad;40;normal;4;12;creature;[[“monster”, “plant”], [“size”, “normal”]];crt_gorad_mayor_g.jpg;5;4;3;none;none;normal;normal;[];[];[];[];[];[]
25;Lancero;Lancero;Lancer;90;legendary;4;12;creature;[[“humanoid”, “normal”], [“size”, “normal”]];crt_lancero_g.jpg;1;4;1;none;none;normal;normal;[];[];[];[];[];[]
26;Momia;Momia;Mummy;95;legendary;4;3;creature;[[“monster”, “undead”], [“size”, “normal”]];crt_momia_g.jpg;3;8;2;none;none;normal;normal;[];[];[];[];[];[]
27;Orco;Orco;Ork;45;normal;4;5;creature;[[“humanoid”, “ork”], [“size”, “normal”]];crt_orco_g.jpg;3;5;1;none;none;normal;normal;[];[];[];[];[];[]
28;Aries Mayor;Aries Mayor;Great Aries;10;normal;5;12;creature;[[“monster”, “normal”], [“size”, “normal”]];crt_aries_mayor_g.jpg;4;6;2;none;none;normal;normal;[];[];[];[];[];[]
29;Arlequin Menor;Arlequín Menor;Lesser Harlequin;50;normal;5;12;creature;[[“humanoid”, “normal”], [“size”, “normal”]];crt_arlequin_menor_g.jpg;6;5;5;none;none;normal;normal;[];[];[];[];[];[]
30;Celestial;Celestial;Celestial;80;legendary;5;12;creature;[[“humanoid”, “terio”], [“size”, “normal”]];crt_celestial_g.jpg;6;4;8;none;none;normal;normal;[];[];[];[];[];[]
31;Chamad;Chamad;Chamad;50;normal;5;12;creature;[[“monster”, “undead”], [“size”, “normal”]];crt_chamad_g.jpg;3;4;4;none;none;normal;normal;[];[];[];[];[];[]
32;Eio Mayor;Eio Mayor;Great Eio;70;rare;5;12;creature;[[“monster”, “bug”], [“size”, “big”]];crt_eio_mayor_g.jpg;3;1;6;none;none;normal;normal;[];[];[];[];[];[]
33;Mercenario;Mercenario;Mercenary;10;normal;5;12;creature;[[“humanoid”, “normal”], [“size”, “normal”]];crt_mercenario_g.jpg;5;4;4;none;none;normal;normal;[];[];[];[];[];[]
34;Poder x 3;Poder III;Power III;65;rare;5;40;power;[[“power”, “normal”]];crt_poder3_g.jpg;0;0;0;none;none;normal;normal;[];[];[];[{“pay”:0,”inc_owner_power”:3, “limit”:-1}];[];[]
35;Zoa;Zoa;Zoa;40;normal;5;12;creature;[[“humanoid”, “terio”], [“size”, “normal”]];crt_zoa_g.jpg;4;2;5;none;none;normal;normal;[];[];[];[];[];[]
36;Arlequin Mayor;Arlequín Mayor;Great Harlequin;20;normal;6;12;creature;[[“humanoid”, “normal”], [“size”, “normal”]];crt_arlequin_mayor_g.jpg;6;6;5;none;none;normal;normal;[];[];[];[];[];[]
37;Atea;Atea;Atea;99;legendary;6;3;creature;[[“humanoid”, “fairy”], [“size”, “normal”], [“magic”, “white”]];crt_atea_g.jpg;0;1;5;wand;shield;mystical;defender;[{“pay”:12,”inc_self_defense”:2, “limit”:5}];[];[];[];[];[]
38;Ave de noche;Ave de Noche;Nightly Bird;10;normal;6;5;creature;[[“monster”, “normal”], [“size”, “normal”]];crt_ave_noche_g.jpg;3;6;1;none;none;normal;normal;[];[];[];[];[];[]
39;Elfo Negro;Elfo Negro;Black Elf;60;rare;6;12;creature;[[“humanoid”, “elf”], [“size”, “normal”]];crt_elfo_negro_g.jpg;3;3;6;none;none;normal;normal;[];[];[];[];[];[]
40;Escudal;Escudal;Scud;55;rare;6;12;amulet;[[“amulet”, “armor”], [“magic”, “white”]];crt_escudal_g.jpg;1;0;0;none;none;normal;normal;[{“pay”:1,”inc_holder_defense”:1, “limit”:3}];[];[];[];[];[]
41;Fuente de vida;Fuente de Vida;Life Fountain;60;rare;6;12;spell;[[“magic”, “red”]];crt_fuente_vida_g.jpg;1;0;0;none;none;normal;normal;[{“pay”:2,”inc_owner_life”:3, “limit”:1}];[];[];[];[];[]
42;Minotauro;Minotauro;Minotaur;20;normal;6;12;creature;[[“humanoid”, “terio”], [“size”, “big”]];crt_minotauro_g.jpg;9;12;2;none;none;normal;normal;[];[];[];[];[];[]
43;Paleo;Paleo;Paleo;10;normal;6;12;creature;[[“humanoid”, “normal”], [“size”, “normal”]];crt_paleo_g.jpg;5;5;5;none;none;normal;normal;[];[];[];[];[];[]
44;Poderador;Poderador;Powereder;60;rare;6;40;spell;[[“magic”, “white”]];crt_poderador_g.jpg;1;0;0;none;none;normal;normal;[{“pay”:1, “alter_owner_field” : {“do”: “inc_defense_in_all_creatures”, “quantity”: 1}, “limit”: 1}];[];[];[];[];[]
45;Radia;Radia;Radia;90;legendary;6;12;creature;[[“monster”, “plant”], [“size”, “normal”]];crt_radia_g.jpg;2;4;6;none;none;normal;normal;[];[];[];[];[];[]
46;Rukia;Rukia;Rukia;50;normal;6;12;creature;[[“humanoid”, “normal”], [“size”, “normal”]];crt_rukia_g.jpg;3;4;5;none;none;normal;normal;[];[];[];[];[];[]
47;Umbral;Umbral;Umbral;95;legendary;6;12;creature;[[“monster”, “plant”], [“size”, “colosal”]];crt_umbral_g.jpg;3;1;13;none;none;normal;normal;[];[];[];[];[];[]
48;Blitz Menor;Blitz Menor;Lesser Blitz;20;normal;7;12;creature;[[“humanoid”, “normal”], [“size”, “normal”]];crt_blitz_menor_g.jpg;5;5;7;none;none;normal;normal;[];[];[];[];[];[]
49;Cobald;Cobald;Cobald;90;legendary;7;2;creature;[[“humanoid”, “normal”], [“size”, “normal”]];crt_cobald_g.jpg;3;8;8;none;none;normal;normal;[];[];[];[];[];[]
50;Gran Elfo;Gran Elfo;Great Elf;10;normal;7;12;creature;[[“humanoid”, “elf”], [“size”, “normal”]];crt_gran_elfo_g.jpg;5;6;2;none;none;normal;normal;[];[];[];[];[];[]
51;Gran Guerrero;Gran Guerrero;Great Warrior;10;normal;7;12;creature;[[“humanoid”, “normal”], [“size”, “normal”]];crt_gran_guerrero_g.jpg;5;5;4;none;none;normal;normal;[];[];[];[];[];[]
52;Gusold;Gusold;Gusold;10;normal;7;12;creature;[[“humanoid”, “normal”], [“size”, “normal”]];crt_gusold_g.jpg;3;5;3;none;none;normal;normal;[];[];[];[];[];[]
53;Mago Blanco;Mago Blanco;White Wizzard;60;rare;7;12;creature;[[“humanoid”, “normal”], [“size”, “normal”]];crt_mago_blanco_g.jpg;5;3;7;none;none;normal;normal;[];[];[];[];[];[]
54;Oratio;Oratio;Oratio;40;normal;7;12;creature;[[“monster”, “undead”], [“size”, “normal”]];crt_oratio_g.jpg;4;1;8;none;none;normal;normal;[];[];[];[];[];[]
55;Ordrihn;Ordrihn;Ordrihn;30;normal;7;12;creature;[[“humanoid”, “ork”], [“size”, “normal”]];crt_ordrihn_g.jpg;6;2;4;none;shield;normal;defender;[{“pay”:2,”inc_self_attack”:2, “limit”:5}];[];[];[];[];[]
56;Poder x 4;Poder IV;Power IV;65;rare;7;40;power;[[“power”, “normal”]];crt_poder4_g.jpg;0;0;0;none;none;normal;normal;[];[];[];[{“pay”:0,”inc_owner_power”:4, “limit”:-1}];[];[]
57;Rush;Rush;Rush;60;rare;7;2;creature;[[“humanoid”, “normal”], [“size”, “normal”]];crt_rush_g.jpg;4;8;1;none;none;normal;normal;[];[];[];[];[];[]
58;Veneno;Veneno;Poison;60;rare;7;12;spell;[[“magic”, “red”]];crt_veneno_g.jpg;1;0;0;none;none;normal;normal;[{“pay”:2,”dec_opponent_life”:2, “limit”:1}];[];[];[];[];[]
59;Ador;Ador;Ador;55;rare;8;12;creature;[[“monster”, “plant”], [“size”, “big”]];crt_ador_g.jpg;6;1;3;none;none;normal;normal;[{“pay”:4,”inc_self_attack”:2, “limit”:5}];[];[];[];[];[]
60;Atriad;Atriad;Atriad;10;normal;8;12;creature;[[“humanoid”, “normal”], [“size”, “normal”]];crt_atriad_g.jpg;5;1;8;none;none;normal;normal;[];[];[];[];[];[]
61;Blitz Mediano;Blitz Mediano;Medium Blitz;20;normal;8;12;creature;[[“humanoid”, “normal”], [“size”, “normal”]];crt_blitz_mediano_g.jpg;5;6;7;none;none;normal;normal;[];[];[];[];[];[]
62;Drenador;Drenador;Drain;55;rare;8;12;spell;[[“magic”, “red”], [“magic”, “blue”]];crt_drenador_g.jpg;1;0;0;none;none;normal;normal;[{“pay”:1,”dec_opponent_life”:1, “limit”:1}, {“pay”:1, “alter_owner_field” : {“do”: “inc_attack_in_all_creatures”, “quantity”: 1}, “limit”: 1}];[];[];[];[];[]
63;Enano de Oro;Enano de Oro;Golden Dwarf;10;normal;8;12;creature;[[“humanoid”, “dwarf”], [“size”, “small”]];crt_enano_oro_g.jpg;6;8;3;none;none;normal;normal;[];[];[];[];[];[]
64;Eretik;Eretik;Eretik;1;normal;8;12;creature;[[“humanoid”, “normal”], [“size”, “normal”]];crt_eretik_g.jpg;7;10;8;none;none;normal;normal;[];[];[];[];[];[]
65;Hada;Hada;Fairy;90;legendary;8;1;creature;[[“humanoid”, “fairy”], [“size”, “small”], [“magic”, “white”], [“magic”, “black”]];crt_hada_g.jpg;8;1;7;none;none;normal;normal;[{“pay”:6,”inc_self_defense”:2, “limit”:5}];[{“can_defend_multiple_times”: 2}];[{“alter_opponent_field”: {“do”: “destroy”, “quantity”: 1, “type”: “amulet”}}];[];[];[]
66;Hidra;Hidra;Hydra;90;legendary;8;2;creature;[[“monster”, “water”], [“size”, “normal”]];crt_hidra_g.jpg;1;10;1;none;none;normal;normal;[];[];[];[];[];[]
67;Mercane;Mercane;Mercane;75;legendary;8;12;creature;[[“humanoid”, “vampire”], [“size”, “normal”]];crt_mercane_g.jpg;5;2;15;none;none;normal;normal;[];[];[];[];[];[]
68;Trasgo Menor;Trasgo Menor;Lesser Hobgoblin;90;legendary;8;12;creature;[[“humanoid”, “ork”], [“size”, “normal”]];crt_trasgo_menor_g.jpg;5;10;10;none;none;normal;normal;[];[];[];[];[];[]
69;Bebe Dragon;Bebé Dragón;Baby Dragon;90;legendary;9;2;creature;[[“monster”, “dragon”], [“size”, “normal”]];crt_bebe_dragon_g.jpg;8;12;12;none;none;normal;normal;[];[];[];[];[];[]
70;Blitz Mayor;Blitz Mayor;Great Blitz;50;normal;9;2;creature;[[“humanoid”, “normal”], [“size”, “normal”]];crt_blitz_mayor_g.jpg;6;10;8;none;none;normal;normal;[];[];[];[];[];[]
71;Lancero Menor;Lancero Menor;Lesser Lancer;80;legendary;9;2;creature;[[“humanoid”, “normal”], [“size”, “normal”]];crt_lancero_menor_g.jpg;7;10;10;none;none;normal;normal;[];[];[];[];[];[]
72;Moriel;Moriel;Moriel;80;legendary;9;2;creature;[[“humanoid”, “normal”], [“size”, “normal”]];crt_moriel_g.jpg;9;15;5;none;none;normal;normal;[];[];[];[];[];[]
73;Mujer Aguila;Mujer Águila;Eagle Woman;100;epic;9;1;creature;[[“humanoid”, “terio”], [“size”, “normal”], [“magic”, “red”], [“magic”, “black”]];crt_mujer_aguila_g.jpg;10;6;8;none;none;normal;normal;[];[];[{“alter_opponent_field”: {“do”: “destroy”, “quantity”: 1, “type”: “creature”}}, {”dec_opponent_life”:10}];[];[];[]
74;Oracty;Oracty;Oracty;85;legendary;9;2;creature;[[“humanoid”, “fairy”], [“size”, “normal”]];crt_oracty_g.jpg;9;6;14;none;none;normal;normal;[];[];[];[];[];[]
75;Tachi;Tachi;Tachi;60;rare;9;2;creature;[[“humanoid”, “normal”], [“size”, “normal”]];crt_tachi_g.jpg;6;9;9;none;none;normal;normal;[];[];[];[];[];[]
76;Aguila Gigante;Águila Gigante;Giant Eagle;35;normal;10;2;creature;[[“monster”, “air”], [“size”, “normal”], [“magic”, “blue”]];crt_aguila_gigante_g.jpg;7;5;10;none;none;normal;normal;[{“pay”:2,”inc_self_attack”:5, “limit”:5}];[];[];[];[];[]
77;Arpada;Arpada;Arpada;80;legendary;10;2;creature;[[“monster”, “normal”], [“size”, “normal”]];crt_arpada_g.jpg;0;0;0;none;none;normal;normal;[];[];[];[];[];[{“disabled”: true, “comment”: “Image not found”}]
78;Dehil;Dehil;Dehil;80;legendary;10;2;creature;[[“humanoid”, “elf”], [“size”, “normal”]];crt_dehil_g.jpg;10;12;14;none;none;normal;normal;[];[];[];[];[];[]
79;Fureh;Fureh;Fureh;60;rare;10;2;creature;[[“monster”, “fire”], [“size”, “normal”], [“magic”, “blue”]];crt_fureh_g.jpg;7;8;9;none;none;normal;normal;[{“pay”:3,”inc_self_attack”:3, “limit”:5}];[];[];[];[];[]
80;Gran Oso;Gran Oso;Great Bear;80;legendary;10;2;creature;[[“monster”, “normal”], [“size”, “big”]];crt_gran_oso_g.jpg;12;20;2;none;none;normal;normal;[];[];[];[];[];[]
81;Poder x 5;Poder V;Power V;70;rare;10;40;power;[[“power”, “normal”]];crt_poder5_g.jpg;0;0;0;none;none;normal;normal;[];[];[];[{“pay”:0,”inc_owner_power”:5, “limit”:-1}];[];[]
82;Suza;Suza;Suza;10;normal;10;2;creature;[[“humanoid”, “normal”], [“size”, “normal”]];crt_suza_g.jpg;8;10;10;none;none;normal;normal;[];[];[];[];[];[]
83;Vampiro;Vampiro;Vampire;20;normal;10;2;creature;[[“humanoid”, “vampire”], [“size”, “normal”]];crt_vampiro_g.jpg;8;11;8;none;none;normal;normal;[];[];[];[];[];[]
84;Veneno x 2;Veneno II;Poison II;70;rare;10;2;spell;[[“magic”, “red”]];crt_veneno2_g.jpg;5;0;0;none;none;normal;normal;[{“pay”:5,”dec_opponent_life”:5, “limit”:1}];[];[];[];[];[]
85;Demonio;Demonio;Demond;75;legendary;11;2;creature;[[“humanoid”, “demon”], [“size”, “normal”]];crt_demonio_g.jpg;12;17;7;none;none;normal;normal;[];[];[];[];[];[]
86;Gran Blitz;Gran Blitz;Great Blitz;10;normal;11;2;creature;[[“humanoid”, “normal”], [“size”, “normal”]];crt_gran_blitz_g.jpg;8;12;9;none;none;normal;normal;[];[];[];[];[];[]
87;Hongo;Hongo;Mushroom;99;legendary;11;2;creature;[[“monster”, “plant”], [“size”, “big”], [“magic”, “white”]];crt_hongo_g.jpg;6;0;20;none;none;normal;normal;[{“pay”:6,”inc_self_defense”:3, “limit”:5}];[];[];[];[];[]
88;Malar;Malar;Malar;90;legendary;11;2;creature;[[“monster”, “normal”], [“size”, “group”], [“magic”, “blue”]];crt_malar_g.jpg;8;5;16;none;none;normal;normal;[{“pay”:10,”inc_self_attack”:2, “limit”:5}];[];[];[];[];[]
89;Mole;Mole;Mole;65;rare;11;2;creature;[[“monster”, “bug”], [“size”, “big”]];crt_mole_g.jpg;10;8;16;none;none;normal;normal;[];[];[];[];[];[]
90;Sardo;Sardo;Sardo;30;normal;11;2;creature;[[“humanoid”, “terio”], [“size”, “normal”], [“magic”, “blue”]];crt_sardo_g.jpg;6;12;1;none;none;normal;normal;[{“pay”:5,”inc_self_attack”:2, “limit”:5}];[];[];[];[];[]
91;Sombra;Sombra;Shadow;60;rare;11;2;creature;[[“monster”, “energy”], [“size”, “big”]];crt_sombra_g.jpg;9;15;8;none;none;normal;normal;[];[];[];[];[];[]
92;Trasgo Mayor;Trasgo Mayor;Hobgoblin;80;legendary;11;2;creature;[[“humanoid”, “ork”], [“size”, “normal”]];crt_trasgo_mayor_g.jpg;5;12;12;none;none;normal;normal;[];[];[];[];[];[]
93;Elfo Arquero;Elfo Arquero;Archer Elf;95;legendary;12;1;creature;[[“humanoid”, “elf”], [“size”, “normal”], [“magic”, “red”]];crt_elfo_arquero_g.jpg;8;16;10;none;none;normal;normal;[];[];[{“dec_opponent_life”:15}];[];[];[]
94;Escudal x 2;Escudal II;Scud II;60;rare;12;2;amulet;[[“amulet”, “armor”], [“magic”, “white”]];crt_escudal2_g.jpg;5;0;0;none;none;normal;normal;[{“pay”:2,”inc_holder_defense”:3, “limit”:3}];[];[];[];[];[]
95;Fuente de vida x 2;Fuente de Vida II;Life Fountain II;70;rare;12;2;spell;[[“magic”, “red”]];crt_fuente_vida2_g.jpg;3;0;0;none;none;normal;normal;[{“pay”:5,”inc_owner_life”:8, “limit”:1}];[];[];[];[];[]
96;Gran Trasgo;Gran Trasgo;Great Hobgoblin;60;rare;12;2;creature;[[“humanoid”, “ork”], [“size”, “normal”]];crt_gran_trasgo_g.jpg;8;16;10;none;none;normal;normal;[];[];[];[];[];[]
97;Hombre Lobo;Hombre Lobo;Werewolf;70;rare;12;2;creature;[[“humanoid”, “terio”], [“size”, “normal”], [“magic”, “blue”]];crt_hombre_lobo_g.jpg;6;5;8;none;none;normal;normal;[{“pay”:5,”inc_self_attack”:3, “limit”:5}];[];[];[];[];[]
98;Lancero Mayor;Lancero Mayor;Great Lancer;10;normal;12;2;creature;[[“humanoid”, “normal”], [“size”, “normal”]];crt_lancero_mayor_g.jpg;8;11;11;none;none;normal;normal;[];[];[];[];[];[{“disabled”: true, “comment”: “Some images not found”}]
99;Presenter;Presenter;Presenter;95;legendary;12;2;creature;[[“monster”, “bug”], [“size”, “normal”]];crt_presenter_g.jpg;10;0;25;none;none;normal;normal;[];[];[];[];[];[]
100;Arcero;Arcero;Arcero;10;normal;13;2;creature;[[“monster”, “bug”], [“size”, “normal”]];crt_arcero_g.jpg;9;15;10;none;none;normal;normal;[];[];[];[];[];[]
101;Hyel;Hyel;Hyel;50;normal;13;2;creature;[[“humanoid”, “terio”], [“size”, “normal”], [“magic”, “blue”]];crt_hyel_g.jpg;7;1;10;none;none;normal;normal;[{“pay”:3,”inc_self_attack”:4, “limit”:5}];[];[];[];[];[]
102;Inevitables;Inevitables;Unavoidables;99;legendary;13;2;creature;[[“humanoid”, “normal”], [“size”, “group”], [“magic”, “blue”]];crt_inevitables_g.jpg;11;0;20;none;shield;normal;defender;[{“pay”:40,”inc_self_attack”:1, “limit”:5}];[];[];[];[];[]
103;Lanzador;Lanzador;Thrower;10;normal;13;2;creature;[[“monster”, “machine”], [“size”, “normal”]];crt_lanzador_g.jpg;8;10;2;none;none;normal;normal;[];[];[];[];[];[]
104;Poder Mental;Poder Mental;Mental Power;99;legendary;13;2;spell;[[“magic”, “green”]];crt_poder_mental_g.jpg;8;0;0;none;none;normal;normal;[{“pay”:10,”block_spin_opponent_creature”:1, “limit”:1}];[];[];[];[];[]
105;Poder x 6;Poder VI;Power VI;95;legendary;13;40;power;[[“power”, “normal”]];crt_poder6_g.jpg;0;0;0;none;none;normal;normal;[];[];[];[{“pay”:0,”inc_owner_power”:6, “limit”:-1}];[];[]
106;Poderador x 2;Poderador II;Powereder II;65;rare;13;2;spell;[[“magic”, “white”], [“magic”, “blue”]];crt_poderador2_g.jpg;3;0;0;none;none;normal;normal;[{“pay”:2, “alter_owner_field” : {“do”: “inc_defense_in_all_creatures”, “quantity”: 1}, “limit”: 1}, {“pay”:2, “alter_owner_field” : {“do”: “inc_attack_in_all_creatures”, “quantity”: 1}, “limit”: 1}];[];[];[];[];[]
107;Taros;Taros;Taros;99;legendary;13;2;creature;[[“humanoid”, “ork”], [“size”, “normal”], [“magic”, “blue”]];crt_taros_g.jpg;8;8;30;none;none;normal;normal;[{“pay”:10,”inc_self_attack”:1, “limit”:5}];[];[];[];[];[]
108;Tumbadil;Tumbadil;Tumbadil;20;normal;13;2;creature;[[“monster”, “undead”], [“size”, “normal”]];crt_tumbadil_g.jpg;10;16;12;none;none;normal;normal;[];[];[];[];[];[]
109;Azote;Azote;Scourge;40;normal;14;2;creature;[[“monster”, “water”], [“size”, “normal”]];crt_azote_g.jpg;16;15;20;none;none;normal;normal;[];[];[];[];[];[]
110;Dragon Rojo;Dragón Rojo;Red Dragon;90;legendary;14;2;creature;[[“monster”, “dragon”], [“size”, “normal”]];crt_dragon_rojo_g.jpg;15;18;18;none;none;normal;normal;[];[];[];[];[];[]
111;Ithids Menores;Ithids Menores;Lesser Ithids;60;rare;14;2;creature;[[“humanoid”, “terio”], [“size”, “group”]];crt_ithids_menores_g.jpg;12;22;10;none;none;normal;normal;[];[];[];[];[];[]
112;Korth;Korth;Korth;100;epic;14;2;creature;[[“humanoid”, “demon”], [“size”, “normal”], [“magic”, “blue”]];crt_korth_g.jpg;6;5;5;wand;none;mystical;normal;[{“pay”:10,”inc_self_attack”:2, “limit”:5}];[];[];[];[];[]
113;Morthen;Morthen;Morthen;90;legendary;14;2;creature;[[“monster”, “undead”], [“size”, “normal”], [“magic”, “blue”]];crt_morthen_g.jpg;8;1;8;wand;none;mystical;normal;[{“pay”:2,”inc_self_attack”:4, “limit”:5}];[];[];[];[];[]
114;Oscuro;Oscuro;Obscure;70;rare;14;2;creature;[[“humanoid”, “demon”], [“size”, “normal”], [“magic”, “white”]];crt_oscuro_g.jpg;7;18;1;none;none;normal;normal;[{“pay”:5,”inc_self_defense”:5, “limit”:5}];[];[];[];[];[]
115;Albala;Albala;Albala;70;rare;15;10;creature;[[“humanoid”, “terio”], [“size”, “normal”], [“magic”, “blue”], [“magic”, “red”]];crt_albala_g.jpg;14;0;0;none;none;normal;normal;[{“pay”:2,”inc_self_attack”:9, “limit”:5}];[];[{“dec_opponent_life”:10}];[];[];[]
116;Atea Mayor;Atea Mayor;Great Atea;99;legendary;15;3;creature;[[“humanoid”, “terio”], [“size”, “normal”], [“magic”, “white”], [“magic”, “red”]];crt_atea_mayor_g.jpg;0;1;9;none;none;normal;normal;[{“pay”:10,”inc_self_defense”:2, “limit”:5}];[];[{“inc_owner_life”:15}];[];[];[]
117;Barrera Mistica;Barrera Mística;Mystic Barrier;80;legendary;15;2;spell;[[“magic”, “green”]];crt_barrera_mistica_g.jpg;15;0;0;wand;none;mystical;normal;[{“pay”:8, “alter_opponent_field”: {“do”: “delete_mystic_status_from_all_creatures”}, “limit”: 1}];[];[];[];[];[]
118;Basilisco;Basilisco;Basillisk;80;legendary;15;2;creature;[[“monster”, “normal”], [“size”, “normal”]];crt_basilisco_g.jpg;6;14;1;none;none;normal;normal;[{“pay”:5,”inc_self_defense”:5, “limit”:5}];[];[];[];[];[]
119;Escudal x 3;Escudal III;Scud III;70;rare;15;2;amulet;[[“amulet”, “armor”], [“magic”, “white”]];crt_escudal3_g.jpg;6;0;0;none;none;normal;normal;[{“pay”:6,”inc_owner_defense”:5, “limit”:3}];[];[];[];[];[]
120;Ithids Mayores;Ithids Mayores;Great Ithids;50;normal;15;2;creature;[[“humanoid”, “terio”], [“size”, “group”]];crt_ithids_mayores_g.jpg;12;25;10;none;none;normal;normal;[];[];[];[];[];[]
121;Poder x 7;Poder VII;Power VII;80;legendary;15;40;power;[[“power”, “normal”]];crt_poder7_g.jpg;0;0;0;none;none;normal;normal;[];[];[];[{“pay”:0,”inc_owner_power”:7, “limit”:-1}];[];[]
122;Poder x 7 Ametal;Poder VII Ametal;Power VII Ametal;100;epic;15;1;power;[[“power”, “metal”]];crt_poder7_ametal_g.jpg;0;0;0;none;none;normal;normal;[];[];[{“alter_opponent_field”: {“do”: “destroy”, “quantity”: 1, “type”: “amulet”}}];[{“pay”:0,”inc_owner_power”:7, “limit”:-1}];[];[]
123;Poder x 7 Domica;Poder VII Domica;Power VII Domica;100;epic;15;1;power;[[“power”, “domica”]];crt_poder7_domica_g.jpg;0;0;0;none;none;normal;normal;[];[];[{”block_spin_opponent_creature”:2}];[{“pay”:0,”inc_owner_power”:7, “limit”:-1}];[];[]
124;Poder x 7 Natural;Poder VII Natural;Power VII Natural;100;epic;15;1;power;[[“power”, “natural”]];crt_poder7_natural_g.jpg;0;0;0;none;none;normal;normal;[];[];[{“inc_owner_life”:15}];[{“pay”:0,”inc_owner_power”:7, “limit”:-1}];[];[]
125;Poder x 7 Poderal;Poder VII Poderal;Power VII Poderal;100;epic;15;1;power;[[“power”, “poderal”]];crt_poder7_poderal_g.jpg;0;0;0;none;none;normal;normal;[];[];[{“dec_opponent_life”:10}];[{“pay”:0,”inc_owner_power”:7, “limit”:-1}];[];[]
126;Sirena;Sirena;Siren;10;normal;15;2;creature;[[“humanoid”, “terio”], [“size”, “normal”]];crt_sirena_g.jpg;6;1;16;none;none;normal;normal;[];[];[];[];[];[]
127;Thrul;Thrul;Thrul;90;legendary;15;2;creature;[[“monster”, “normal”], [“size”, “big”], [“magic”, “blue”]];crt_thrul_g.jpg;8;15;8;none;none;normal;normal;[{“pay”:4,”inc_self_attack”:3, “limit”:5}];[];[];[];[];[]
128;Urgul;Urgul;Urul;99;legendary;15;2;creature;[[“monster”, “undead”], [“size”, “normal”]];crt_urgul_g.jpg;14;30;1;none;none;normal;normal;[];[];[];[];[];[]
129;Colossus;Colossus;Colossus;99;legendary;16;2;creature;[[“humanoid”, “terio”], [“size”, “big”], [“magic”, “blue”]];crt_colossus_g.jpg;9;10;32;none;none;normal;normal;[{“pay”:3,”inc_self_attack”:3, “limit”:5}];[];[];[];[];[]
130;Espinal;Espinal;Espinal;50;normal;16;2;creature;[[“monster”, “undead”], [“size”, “normal”]];crt_espinal_g.jpg;9;14;15;none;none;normal;normal;[];[];[];[];[];[]
131;Kurth Arth;Kurth Arth;Kurth Arth;80;legendary;16;2;spell;[[“magic”, “black”]];crt_kurth_arth_g.jpg;20;0;0;none;none;normal;normal;[{“pay”:20,“alter_opponent_field”: {“do”: “destroy”, “quantity”: 1, “type”: “amulet”}, “limit”:1}];[];[];[];[];[]
132;Poder Mental x 2;Poder Mental II;Mental Power II;99;legendary;16;2;spell;[[“magic”, “green”]];crt_poder_mental2_g.jpg;15;0;0;none;none;normal;normal;[{“pay”:5,”block_spin_opponent_creature”:1, “limit”:1}, {“pay”:5,”block_spin_opponent_power”:1, “limit”:1}];[];[];[];[];[]
133;Saga;Saga;Saga;99;legendary;16;2;creature;[[“monster”, “undead”], [“size”, “normal”]];crt_saga_g.jpg;14;28;6;none;none;normal;normal;[];[];[];[];[];[]
134;Astral;Astral;Atral;99;legendary;17;2;creature;[[“monster”, “normal”], [“size”, “big”], [“magic”, “blue”]];crt_astral_g.jpg;10;10;10;none;none;normal;normal;[{“pay”:3,”inc_self_attack”:8, “limit”:5}];[];[];[];[];[]
135;Drenador x 2;Drenador II;Drainer II;70;rare;17;2;spell;[[“magic”, “red”], [“magic”, “green”]];crt_drenador2_g.jpg;6;0;0;none;none;normal;normal;[{“pay”:3,”dec_opponent_life”:8, “limit”:1}, {“pay”:3, “alter_owner_field” : {“do”: “inc_attack_in_all_creatures”, “quantity”: 2}, “limit”: 1}];[];[];[];[];[]
136;Elfo Avanzado;Elfo Avanzado;Advanced Elf;75;legendary;17;1;creature;[[“humanoid”, “elf”], [“size”, “normal”], [“magic”, “green”]];crt_elfo_avanzado_g.jpg;10;20;10;none;none;normal;normal;[];[];[{“draw_cards”: 1}];[];[];[]
137;Esteagol;Esteagol;Esteagol;30;normal;17;2;creature;[[“humanoid”, “demon”], [“size”, “normal”]];crt_esteagol_g.jpg;8;18;10;none;none;normal;normal;[];[];[];[];[];[]
138;Muralez;Muralez;Muralez;95;legendary;17;2;spell;[[“magic”, “white”]];crt_muralez_g.jpg;10;0;0;none;none;normal;normal;[{“pay”:6,“alter_owner_field”: {“do”: “set_shield_to_all_creatures”, “quantity”: 1}, “limit”:1}];[];[];[];[];[]
139;Osgo;Osgo;Osgo;20;normal;17;2;creature;[[“humanoid”, “ork”], [“size”, “normal”]];crt_osgo_g.jpg;20;30;6;none;none;normal;normal;[];[];[];[];[];[]
140;Poder x 8 Mayor;Poder VIII Mayor;Great Power VIII;100;epic;17;1;power;[[“power”, “normal”], [“magic”, “green”]];crt_poder8_mayor_g.jpg;0;0;0;none;none;normal;normal;[];[];[{“draw_cards”: 1}, {”block_spin_opponent_creature”:2}];[{“pay”:0,”inc_owner_power”:8, “limit”:-1}];[];[]
141;Viguil;Viguil;Viguil;60;rare;17;2;creature;[[“monster”, “undead”], [“size”, “normal”], [“magic”, “blue”]];crt_viguil_g.jpg;8;1;20;none;shield;normal;defender;[{“pay”:3,”inc_self_attack”:5, “limit”:5}];[];[];[];[];[]
142;Alchemia;Alchemia;Alchemia;60;rare;18;2;creature;[[“monster”, “undead”], [“size”, “normal”], [“magic”, “white”]];crt_alchemia_g.jpg;12;17;10;none;none;normal;normal;[{“pay”:2,”inc_self_defense”:9, “limit”:5}];[];[];[];[];[]
143;Kehanar;Kehanar;Kehanar;80;legendary;18;2;creature;[[“monster”, “wind”], [“size”, “normal”], [“magic”, “blue”]];crt_kehanar_g.jpg;6;1;1;none;none;normal;normal;[{“pay”:25,”inc_self_attack”:2, “limit”:-1}];[];[];[];[];[]
144;Petioner;Petioner;Petioner;40;normal;18;2;creature;[[“monster”, “undead”], [“size”, “normal”]];crt_petioner_g.jpg;14;23;15;none;none;normal;normal;[];[];[];[];[];[]
145;Trigild;Trigild;Trigild;10;normal;18;2;creature;[[“monster”, “plant”], [“size”, “normal”]];crt_trigild_g.jpg;8;1;20;none;none;normal;normal;[];[];[];[];[];[]
146;Barbaro;Bárbaro;Barbarian;85;legendary;19;2;creature;[[“humanoid”, “normal”], [“size”, “normal”], [“magic”, “blue”]];crt_barbaro_g.jpg;16;5;10;none;none;normal;normal;[{“pay”:8,”inc_self_attack”:2, “limit”:5}];[{“can_attack_multiple_times”: 2}];[];[];[];[]
147;Poderador x 3;Poderador III;Powereder III;75;legendary;19;2;spell;[[“magic”, “white”], [“magic”, “blue”]];crt_poderador3_g.jpg;6;0;0;none;none;normal;normal;[{“pay”:5, “alter_owner_field” : {“do”: “inc_defense_in_all_creatures”, “quantity”: 3}, “limit”: 1}, {“pay”:2, “alter_owner_field” : {“do”: “inc_attack_in_all_creatures”, “quantity”: 2}, “limit”: 1}];[];[];[];[];[]
148;Tutar Amon;Tutar Amon;Tutar Amon;30;normal;19;2;creature;[[“monster”, “undead”], [“size”, “normal”]];crt_tutar_amon_g.jpg;15;17;17;none;none;normal;normal;[];[];[];[];[];[]
149;Veneno x 3;Veneno III;Poison III;75;legendary;19;2;spell;[[“magic”, “red”]];crt_veneno3_g.jpg;6;0;0;none;none;normal;normal;[{“pay”:7,”dec_opponent_life”:10, “limit”:1}];[];[];[];[];[]
150;Yogoloth;Yogoloth;Yogoloth;99;legendary;19;2;creature;[[“monster”, “bug”], [“size”, “group”]];crt_yogoloth_g.jpg;15;35;12;none;none;normal;normal;[];[];[];[];[];[]
151;Angel Caido;Ángel Caído;Fallen Angel;100;epic;20;1;creature;[[“humanoid”, “angel”], [“size”, “normal”], [“magic”, “green”]];crt_angel_caido_g.jpg;15;10;10;none;wand;mystical;normal;[];[];[{“owner_min_activated_creatures”: 40}];[];[];[]
152;Argnathor Poderal;Arganathor Poderal;Arganathor Poderal;100;epic;20;1;creature;[[“monster”, “dragon”], [“size”, “colossal”], [“magic”, “blue”]];crt_argnathor_poderal_g.jpg;20;15;20;none;none;normal;normal;[{“pay”:100,”inc_self_attack”:1, “limit”:-1}];[];[{“alter_opponent_field”: {“do”: “destroy”, “quantity”: 2, “type”: “power”}}];[];[];[]
153;Fuente de vida x 3;Fuente de Vida III;Life Fountain III;75;legendary;20;2;spell;[[“magic”, “red”]];crt_fuente_vida3_g.jpg;12;0;0;none;none;normal;normal;[{“pay”:6,”inc_owner_life”:15, “limit”:1}];[];[];[];[];[]
154;Manath;Manath;Manath;40;normal;20;2;creature;[[“monster”, “bug”], [“size”, “big”]];crt_manath_g.jpg;14;23;19;none;none;normal;normal;[];[];[];[];[];[]
155;Observador;Observador;Observer;20;normal;20;2;creature;[[“monster”, “normal”], [“size”, “small”]];crt_observador_g.jpg;12;17;18;none;none;normal;normal;[];[];[];[];[];[]
156;Poder Mental x 3;Poder Mental III;Mental Power III;99;legendary;20;2;spell;[[“magic”, “green”]];crt_poder_mental3_g.jpg;11;0;0;none;none;normal;normal;[{“pay”:10,”block_spin_opponent_creature”:2, “limit”:1}];[];[];[];[];[]
157;Poder Mental x 4;Poder Mental IV;Mental Power IV;99;legendary;20;2;spell;[[“magic”, “green”]];crt_poder_mental4_g.jpg;10;0;0;none;none;normal;normal;[{“pay”:12,”block_spin_opponent_power”:2, “limit”:1}];[];[];[];[];[]
158;Poder x 10;Poder X;Power X;90;legendary;20;40;power;[[“power”, “normal”]];crt_poder10_g.jpg;0;0;0;none;none;normal;normal;[];[];[];[{“pay”:0,”inc_owner_power”:10, “limit”:-1}];[];[]
159;Poder x 10 Ametal;Power X Ametal;Power X Ametal;100;epic;20;1;power;[[“power”, “metal”]];crt_poder10_ametal_g.jpg;0;0;0;none;none;normal;normal;[];[];[{“alter_opponent_field”: {“do”: “destroy”, “quantity”: 1, “type”: “amulet”}}];[{“pay”:0,”inc_owner_power”:10, “limit”:-1}];[];[]
160;Poder x 10 Domica;Power X Domica;Power X Domica;100;epic;20;1;power;[[“power”, “domica”]];crt_poder10_domica_g.jpg;0;0;0;none;none;normal;normal;[];[];[{”block_spin_opponent_creature”:2}];[{“pay”:0,”inc_owner_power”:10, “limit”:-1}];[];[]
161;Poder x 10 Natural;Power X Natural;Power X Natural;100;epic;20;1;power;[[“power”, “natural”]];crt_poder10_natural_g.jpg;0;0;0;none;none;normal;normal;[];[];[{“inc_owner_life”:20}];[{“pay”:0,”inc_owner_power”:10, “limit”:-1}];[];[]
162;Poder x 10 Poderal;Power X Poderal;Power X Poderal;100;epic;20;1;power;[[“power”, “poderal”]];crt_poder10_poderal_g.jpg;0;0;0;none;none;normal;normal;[];[];[{“dec_opponent_life”:15}];[{“pay”:0,”inc_owner_power”:10, “limit”:-1}];[];[]
163;Rebolt;Rebolt;Rebolt;75;legendary;20;1;creature;[[“humanoid”, “demon”], [“size”, “normal”], [“magic”, “white”]];crt_rebolt_g.jpg;16;10;10;none;none;normal;normal;[{“pay”:20,”inc_self_defense”:2, “limit”:-1}];[{“can_defend_multiple_times”: 2}];[];[];[];[]
164;Urgul Mayor;Urgul Mayor;Great Urgul;100;epic;20;1;creature;[[“monster”, “undead”], [“size”, “normal”]];crt_urgul_mayor_g.jpg;22;35;1;none;none;normal;normal;[];[{“can_attack_multiple_times”: 2}];[];[];[];[]
165;Acrum;Acrum;Acrum;100;epic;21;2;spell;[[“magic”, “black”]];crt_acrum_g.jpg;45;0;0;none;none;normal;normal;[{“pay”:16,“alter_opponent_field”: {“do”: “destroy”, “quantity”: 1, “type”: “creature”}, “limit”:1}];[];[];[];[];[]
166;Arienel;Arienel;Arienel;20;normal;21;2;creature;[[“monster”, “wind”], [“size”, “normal”]];crt_arienel_g.jpg;13;13;17;none;none;normal;normal;[];[];[];[];[];[]
167;Escudal x 4;Escudal IV;Scud IV;70;rare;21;2;amulet;[[“amulet”, “armor”], [“magic”, “white”]];crt_escudal4_g.jpg;7;0;0;none;none;normal;normal;[{“pay”:7,”inc_holder_defense”:10, “limit”:3}];[];[];[];[];[]
168;Alendrar;Alendrar;Alendrar;20;normal;22;2;creature;[[“monster”, “ghost”], [“size”, “normal”]];crt_alendrar_g.jpg;20;20;20;none;none;normal;normal;[];[];[];[];[];[]
169;Barrera Mistica x 2;Barrera Mística II;Mystic Barrier II;80;legendary;22;2;spell;[[“magic”, “white”], [“magic”, “green”]];crt_barrera_mistica2_g.jpg;15;0;0;wand;none;mystical;normal;[{“pay”:8, “alter_opponent_field”: {“do”: “delete_mystic_status_from_all_creatures”}, “limit”: 1}, {“pay”:2, “alter_owner_field”: {“do”: “inc_defense_in_all_creatures”, “quantity”: 6}, “limit”: 1}];[];[];[];[];[]
170;Dragon esqueleto;Dragón Esqueleto;Skeletic Dragon;90;legendary;22;2;creature;[[“monster”, “undead”], [“size”, “colossal”]];crt_dragon_esqueleto_g.jpg;0;10;5;none;none;normal;normal;[];[{“can_attack_multiple_times”: 2}];[];[];[];[]
171;Drakar;Drakar;Drakar;70;rare;22;2;creature;[[“monster”, “dragon”], [“size”, “big”], [“magic”, “blue”]];crt_drakar_g.jpg;15;1;10;wand;none;mystical;normal;[{“pay”:5,”inc_self_attack”:5, “limit”:5}];[];[];[];[];[]
172;Elfo Oscuro;Elfo Oscuro;Dark Elf;80;legendary;22;3;creature;[[“humanoid”, “elf”], [“size”, “normal”], [“magic”, “red”]];crt_elfo_oscuro_g.jpg;16;18;12;none;wand;normal;normal;[];[];[{“inc_owner_life”:20}];[];[];[]
173;Kurth Arth x 2;Kurth Arth II;Kurth Arth II;90;legendary;22;2;spell;[[“magic”, “black”]];crt_kurth_arth2_g.jpg;12;0;0;none;none;normal;normal;[{“pay”:25,“alter_opponent_field”: {“do”: “destroy”, “quantity”: 1, “type”: “amulet”}, “limit”:2}];[];[];[];[];[]
174;Poder Mental x 5;Poder Mental V;Mental Power V;99;legendary;22;2;spell;[[“magic”, “green”]];crt_poder_mental5_g.jpg;13;0;0;none;none;normal;normal;[{“pay”:6,”block_spin_opponent_power”:1, “limit”:1},{“pay”:6,”block_spin_opponent_creature”:2, “limit”:1}];[];[];[];[];[]
175;Poder x 12 Mayor;Poder Mayor XII;Great Power XII;100;epic;22;1;power;[[“power”, “normal”], [“magic”, “green”]];crt_poder12_mayor_g.jpg;0;0;0;none;none;normal;normal;[];[];[{“draw_cards”: 1}, {”block_spin_opponent_creature”:2}];[{“pay”:0,”inc_owner_power”:12, “limit”:-1}];[];[]
176;Afal;Afal;Afal;1;normal;23;2;creature;[[“monster”, “water”], [“size”, “big”]];crt_afal_g.jpg;10;14;14;none;none;normal;normal;[];[];[];[];[];[]
177;Drenador x 3;Drenador III;Drainer III;80;legendary;23;2;spell;[[“magic”, “red”], [“magic”, “blue”]];crt_drenador3_g.jpg;15;0;0;none;none;normal;normal;[{“pay”:3,”dec_opponent_life”:10, “limit”:1}, {“pay”:3, “alter_owner_field” : {“do”: “inc_attack_in_all_creatures”, “quantity”: 4}, “limit”: 1}];[];[];[];[];[]
178;Dragor;Dragor;Dragor;20;normal;24;2;creature;[[“monster”, “dragon”], [“size”, “big”]];crt_dragor_g.jpg;16;20;22;none;none;normal;normal;[];[];[];[];[];[]
179;Grifo;Grifo;Griffin;79;legendary;24;2;creature;[[“monster”, “bug”], [“size”, “big”], [“magic”, “blue”]];crt_grifo_g.jpg;6;5;20;sword;shield;berserker;berserker;[{“pay”:2,”inc_self_attack”:5, “limit”:-1}];[];[];[];[];[]
180;Argnathor Ametal;Argnathor Ametal;Argnathor Ametal;100;epic;25;1;creature;[[“dragon”, “normal”], [“size”, “colossal”],[“magic”, “black”]];crt_argnathor_ametal_g.jpg;25;10;20;none;none;normal;normal;[{“pay”:50,”inc_self_attack”:1, “limit”:-1}];[];[{“alter_opponent_field”: {“do”: “destroy”, “quantity”: 2, “type”: “amulet”}}];[];[];[]
181;Chimera Menor;Quimera Menor;Lesser Chimera;20;normal;25;2;creature;[[“monster”, “normal”], [“size”, “big”]];crt_chimera_menor_g.jpg;20;25;15;none;none;normal;normal;[];[];[];[];[];[]
182;Enher;Enher;Enher;100;epic;25;2;creature;[[“monster”, “energy”], [“size”, “normal”], [“magic”, “blue”]];crt_enher_g.jpg;0;0;1;wand;none;mystical;normal;[{“pay”:4,”inc_self_attack”:9, “limit”:5}];[];[];[];[];[]
183;Fuente de vida x 4;Fuente de Vida IV;Life Fountain IV;80;legendary;25;2;spell;[[“magic”, “red”]];crt_fuente_vida4_g.jpg;15;0;0;none;none;normal;normal;[{“pay”:6,”inc_owner_life”:17, “limit”:1}];[];[];[];[];[]
184;Paladin;Paladín;Paladin;85;legendary;25;2;creature;[[“humanoid”, “normal”], [“size”, “normal”]];crt_paladin_g.jpg;10;10;18;none;shield;normal;defender;[{“pay”:3,”inc_self_attack”:5, “limit”:5}];[];[];[];[];[]
185;Poder x 15;Poder XV;Power XV;85;legendary;25;40;power;[[“power”, “normal”]];crt_poder15_g.jpg;0;0;0;none;none;normal;normal;[];[];[];[{“pay”:0,”inc_owner_power”:15, “limit”:-1}];[];[]
186;Poder x 15 Ametal;Poder XV Ametal;Power XV Ametal;100;epic;25;1;power;[[“power”, “metal”], [“magic”, “black”]];crt_poder15_ametal_g.jpg;0;0;0;none;none;normal;normal;[];[];[{“alter_opponent_field”: {“do”: “destroy”, “quantity”: 1, “type”: “amulet”}}];[{“pay”:0,”inc_owner_power”:15, “limit”:-1}];[];[]
187;Poder x 15 Domica;Poder XV Domica;Power XV Domica;100;epic;25;1;power;[[“power”, “domica”], [“magic”, “green”]];crt_poder15_domica_g.jpg;0;0;0;none;none;normal;normal;[];[];[{”block_spin_opponent_creature”:3}];[{“pay”:0,”inc_owner_power”:15, “limit”:-1}];[];[]
188;Poder x 15 Natural;Poder XV Natural;Power XV Natural;100;epic;25;1;power;[[“power”, “natural”], [“magic”, “black”]];crt_poder15_natural_g.jpg;0;0;0;none;none;normal;normal;[];[];[{“alter_opponent_field”: {“do”: “destroy”, “quantity”: 1, “type”: “creature”}}];[{“pay”:0,”inc_owner_power”:15, “limit”:-1}];[];[]
189;Poder x 15 Poderal;Poder XV Poderal;Power XV Poderal;100;epic;25;1;power;[[“power”, “poderal”], [“magic”, “black”]];crt_poder15_poderal_g.jpg;0;0;0;none;none;normal;normal;[];[];[{“alter_opponent_field”: {“do”: “destroy”, “quantity”: 1, “type”: “power”}}];[{“pay”:0,”inc_owner_power”:15, “limit”:-1}];[];[]
190;Poderador x 4;Poderador IV;Powereder IV;80;legendary;25;2;spell;[[“magic”, “white”], [“magic”, “blue”]];crt_poderador4_g.jpg;10;0;0;none;none;normal;normal;[{“pay”:5, “alter_owner_field” : {“do”: “inc_defense_in_all_creatures”, “quantity”: 4}, “limit”: 1}, {“pay”:5, “alter_owner_field” : {“do”: “inc_attack_in_all_creatures”, “quantity”: 4}, “limit”: 1}];[];[];[];[];[]
191;Rueda;Rueda;Wheel;90;legendary;25;2;spell;[[“magic”, “green”]];crt_rueda_g.jpg;35;0;0;none;none;normal;normal;[{“pay”: 12, “draw_cards”: 1, “limit”: 5}];[];[];[];[];[]
192;Ruinthz;Ruinthz;Ruinthz;90;legendary;25;2;spell;[[“magic”, “black”]];crt_ruinthz_g.jpg;40;0;0;none;none;normal;normal;[{“pay”: 20, “limit”:1, “alter_opponent_field”: {“do”: “destroy”, “quantity”: 1, “type”: “power”}}];[];[];[];[];[]
193;Titan;Titán;Titan;81;legendary;25;2;creature;[[“humanoid”, “giant”], [“size”, “big”],  [“magic”, “blue”]];crt_titan_g.jpg;9;1;10;none;shield;normal;defender;[{“pay”:2,”inc_self_attack”:9, “limit”:5}];[];[];[];[];[]
194;Acrum x 2;Acrum II;Acum II;100;epic;26;2;spell;[[“magic”, “black”]];crt_acrum2_g.jpg;40;0;0;none;none;normal;normal;[{“pay”: 16, “limit”:1, “alter_opponent_field”: {“do”: “destroy”, “quantity”: 2, “type”: “creature”}}];[];[];[];[];[]
195;Draconia;Draconia;Draconia;100;epic;26;2;spell;[[“magic”, “red”], [“magic”, “blue”]];crt_draconia_g.jpg;45;0;0;none;none;normal;normal;[{“pay”:15,”dec_opponent_life”:15, “limit”:1}, {“pay”:15, “alter_owner_field” : {“do”: “inc_attack_in_all_creatures”, “quantity”: 10}, “limit”: 1}];[];[];[];[];[]
196;Espiritu del mar;Espíritu del Mar;Sea Spirit;90;legendary;26;2;creature;[[“monster”, “ghost”], [“size”, “small”], [“magic”, “blue”]];crt_espiritu_mar_g.jpg;13;11;8;none;wand;mystical;normal;[{“pay”:1,”inc_self_attack”:9, “limit”:5}];[];[];[];[];[]
197;Maderal;Maderal;Maderal;85;legendary;26;2;creature;[[“monster”, “plant”], [“size”, “big”], [“magic”, “blue”]];crt_maderal_g.jpg;10;15;10;none;none;normal;normal;[{“pay”:25,”inc_self_attack”:1, “limit”:8}];[];[];[];[];[]
198;Muralez x 2;Muralez II;Muralez II;99;legendary;26;2;spell;[[“magic”, “white”]];crt_muralez2_g.jpg;10;0;0;none;none;normal;normal;[{“pay”:5,“alter_owner_field”: {“do”: “set_shield_to_all_creatures”, “quantity”: 1}, “limit”:1}, {“pay”:5, “alter_owner_field” : {“do”: “inc_defense_in_all_creatures”, “quantity”: 5}, “limit”: 1}];[];[];[];[];[]
199;Corrosivo;Corrosivo;Corrosive;80;legendary;27;2;creature;[[“monster”, “bug”], [“size”, “big”]];crt_corrosivo_g.jpg;10;15;35;none;shield;normal;defender;[];[];[];[];[];[]
200;Hermanos Elfo;Hermanos Elfo;Elf Brothers;100;epic;27;1;creature;[[“humanoid”, “elf”], [“size”, “group”], [“magic”, “green”], [“magic”, “blue”]];crt_hermanos_elfo_g.jpg;25;5;25;none;none;normal;normal;[{“pay”:8,”inc_self_attack”:2, “limit”:5}];[];[{“draw_cards”: 2}];[];[];[]
201;Kraken;Kraken;Kraken;75;legendary;27;2;creature;[[“monster”, “water”], [“magic”, “blue”], [“size”, “colossal”]];crt_kraken_g.jpg;10;1;30;none;shield;normal;defender;[{“pay”:20,”inc_self_attack”:1, “limit”:8}];[];[];[];[];[]
202;Poder Mental x 6;Poder Mental VI;Mental Power VI;99;legendary;27;2;spell;[[“magic”, “green”]];crt_poder_mental6_g.jpg;20;0;0;none;none;normal;normal;[{“pay”:6,”block_spin_opponent_power”:2, “limit”:1},{“pay”:6,”block_spin_opponent_creature”:2, “limit”:1}];[];[];[];[];[]
203;Poder Mental x 7;Poder Mental VII;Mental Power VII;99;legendary;27;2;spell;[[“magic”, “green”]];crt_poder_mental7_g.jpg;20;0;0;none;none;normal;normal;[{“pay”:15,”block_spin_opponent_creature”:3, “limit”:1}];[];[];[];[];[]
204;Mohrg;Mohrg;Mohrg;95;legendary;28;2;creature;[[“monster”, “undead”], [“size”, “normal”]];crt_mohrg_g.jpg;6;35;2;none;none;normal;normal;[];[];[];[];[{“dec_owner_life”:2}];[]
205;Servidor;Servidor;Server;99;legendary;28;2;creature;[[“humanoid”, “normal”], [“magic”, “blue”], [“size”, “normal”]];crt_servidor_g.jpg;12;1;20;wand;shield;mystical;defender;[{“pay”:3,”inc_self_attack”:6, “limit”:5}];[];[];[];[];[]
206;Arcangel;Arcángel;Archangel;70;rare;29;2;creature;[[“humanoid”, “angel”], [“magic”, “white”], [“size”, “normal”]];crt_arcangel_g.jpg;15;1;10;wand;shield;mystical;defender;[{“pay”:5,”inc_self_defense”:5, “limit”:5}];[];[];[];[];[]
207;Demonio rojo;Demonio Rojo;Red Demon;85;legendary;29;2;creature;[[“humanoid”, “demon”], [“magic”, “blue”], [“size”, “normal”]];crt_demonio_rojo_g.jpg;8;1;4;none;none;normal;normal;[{“pay”:10, “inc_self_attack”:4, “limit”: 5}];[];[];[];[{“dec_owner_life”:4}];[]
208;Flora;Flora;Flora;100;epic;29;2;spell;[[“magic”, “white”], [“magic”, “green”]];crt_flora_g.jpg;35;0;0;none;none;normal;normal;[{“pay”:10,“alter_owner_field”: {“do”: “set_shield_to_all_creatures”, “quantity”: 1, “inc_defense”: 20}, “limit”:1}, {“pay”:15, “alter_opponent_field”: {“do”: “delete_mystic_status_from_all_creatures”}, “limit”: 1}];[];[];[];[];[]
209;Veneno x 4;Veneno IV;Poison IV;85;legendary;29;2;spell;[[“magic”, “red”]];crt_veneno4_g.jpg;10;0;0;none;none;normal;normal;[{“pay”:7,”dec_opponent_life”:14, “limit”:1}];[];[];[];[];[]
210;Archer;Archer;Archer;90;legendary;30;2;creature;[[“monster”, “water”], [“magic”, “blue”], [“size”, “normal”]];crt_archer_g.jpg;7;10;0;none;none;normal;normal;[{“pay”:10, “inc_self_attack”:3, “limit”: 5}];[];[];[];[];[]
211;Argnathor Natural;Argnathor Natural;Argnathor Natural;100;epic;30;1;creature;[[“monster”, “dragon”], [“magic”, “black”], [“magic”, “green”], [“size”, “colossal”]];crt_argnathor_natural_g.jpg;30;0;0;none;none;normal;normal;[{“pay”:60, “inc_self_attack”:1, “limit”: -1}];[];[{“alter_opponent_field”: {“do”: “destroy”, “quantity”: 2, “type”: “creature”}}, {“draw_cards”:1}];[];[];[]
212;Caza Dragones;Caza Dragones;Dragon Hunter;55;rare;30;5;creature;[[“humanoid”, “normal”], [“size”, “normal”], [“magic”, “white”]];crt_caza_dragones_g.jpg;12;5;25;none;none;normal;normal;[{“pay”:2, “inc_self_defense”:9, “limit”: 5}];[{“can_defend_multiple_times”: 2}];[];[];[];[]
213;Hechizero Negro;Hechicero Negro;Black Wizzard;85;legendary;30;2;creature;[[“humanoid”, “normal”], [“magic”, “blue”], [“size”, “normal”]];crt_hechizero_negro_g.jpg;8;1;5;none;wand;mystical;normal;[{“pay”:3, “inc_self_attack”:9, “limit”: 5}];[];[];[];[];[]
214;Hombre Angel;Hombre Ángel;Angelic Man;100;epic;30;1;creature;[[“humanoid”, “angel”], [“magic”, “red”], [“magic”, “blue”],[“size”, “normal”]];crt_hombre_angel_g.jpg;0;0;10;none;wand;mystical;normal;[{“pay”:5, “inc_self_attack”:3, “limit”: 5}];[];[{“dec_opponent_life”:10}, {“inc_owner_life”:15}];[];[];[]
215;Poder x 15 Mayor;Poder XV Mayor;Great Power XV;100;epic;30;1;power;[[“power”, “normal”], [“magic”, “green”]];crt_poder15_mayor_g.jpg;0;0;0;none;none;normal;normal;[];[];[{“draw_cards”: 2}, {”block_spin_opponent_creature”:2}];[{“pay”:0,”inc_owner_power”:15, “limit”:-1}];[];[]
216;Gith;Gith;Gith;80;legendary;31;2;creature;[[“humanoid”, “normal”], [“size”, “group”]];crt_gith_g.jpg;6;20;2;wand;none;mystical;normal;[];[];[];[];[{“dec_owner_life”:2}];[]
217;HipoGrifo;HipoGrifo;Hippogriff ;75;legendary;31;2;creature;[[“monster”, “normal”], [“size”, “big”]];crt_hipogrifo_g.jpg;14;5;41;none;shield;normal;defender;[];[];[];[];[];[]
218;Solemn;Solemn;Solemn;100;epic;31;2;spell;[[“magic”, “green”], [“magic”, “black”]];crt_solemn_g.jpg;62;0;0;none;none;normal;normal;[{“pay”: 15, “limit”:1, “alter_opponent_field”: {“do”: “destroy”, “quantity”: 1, “type”: “power”}}, {“pay”:10,”block_spin_opponent_power”:2, “limit”:1},{“pay”:5,”block_spin_opponent_creature”:3, “limit”:1}];[];[];[];[];[]
219;Chimera Mayor;Quimera Mayor;Great Chimera;70;rare;32;2;creature;[[“monster”, “normal”], [“size”, “big”]];crt_chimera_mayor_g.jpg;16;40;0;none;none;normal;normal;[];[];[];[];[];[]
220;Elion;Elion;Elion;60;rare;32;2;creature;[[“monster”, “fire”], [“size”, “small”], [“magic”, “blue”]];crt_elion_g.jpg;15;0;10;sword;shield;berserker;berserker;[{“pay”:7, “inc_self_attack”:6, “limit”: 5}];[];[];[];[{“dec_owner_life”:10}];[]
221;Kurth Arth x 3;Kurth Arth III;Kurth Arth III;95;legendary;32;2;spell;[[“magic”, “black”]];crt_kurth_arth3_g.jpg;20;0;0;none;none;normal;normal;[{“pay”: 30, “limit”:1, “alter_opponent_field”: {“do”: “destroy”, “quantity”: 2, “type”: “amulet”}}];[];[];[];[];[]
222;Poder Mental x 8;Poder Mental VII;Mental Power VII;99;legendary;32;2;spell;[[“magic”, “green”]];crt_poder_mental8_g.jpg;25;0;0;none;none;normal;normal;[{“pay”:15,”block_spin_opponent_creature”:4, “limit”:1}];[];[];[];[];[]
223;Dragon azul;Dragón azul;Blue Dragon;60;rare;33;2;creature;[[“monster”, “dragon”], [“size”, “colossal”]];crt_dragon_azul_g.jpg;16;46;11;none;none;normal;normal;[];[];[];[];[{“dec_owner_life”:11}];[]
224;Dragon verde;Dragón verde;Green Dragon;50;normal;33;2;creature;[[“monster”, “dragon”], [“size”, “colossal”]];crt_dragon_verde_g.jpg;14;44;10;none;none;normal;normal;[];[];[];[];[{“dec_owner_life”:10}];[]
225;Escudal x 5;Escudal V;Scud V;80;legendary;33;2;amulet;[[“amulet”, “armor”], [“magic”, “white”]];crt_escudal5_g.jpg;7;0;0;none;none;normal;normal;[{“pay”:10,”inc_holder_defense”:20, “limit”:2}];[];[];[];[];[]
226;Acrum x 3;Acrum III;Acrum III;100;epic;34;2;spell;[[“magic”, “black”]];crt_acrum3_g.jpg;44;0;0;none;none;normal;normal;[{“pay”: 20, “limit”:2, “alter_opponent_field”: {“do”: “destroy”, “quantity”: 2, “type”: “creature”}}];[];[];[];[];[]
227;Ardala;Ardala;Ardala;100;epic;34;2;spell;[[“magic”, “black”]];crt_ardala_g.jpg;70;0;0;none;none;normal;normal;[{“pay”: 20, “limit”:1, “alter_opponent_field”: {“do”: “destroy”, “quantity”: 2, “type”: “creature”}}, {“pay”: 10, “limit”:1, “alter_opponent_field”: {“do”: “destroy”, “quantity”: 1, “type”: “power”}}, {“pay”: 10, “limit”:1, “alter_opponent_field”: {“do”: “destroy”, “quantity”: 1, “type”: “amulet”}}];[];[];[];[];[]
228;Dragon Helado;Dragón Helado;Ice Dragon;80;legendary;34;2;creature;[[“monster”, “dragon”], [“size”, “colossal”]];crt_dragon_helado_g.jpg;15;38;13;none;none;normal;normal;[];[];[];[];[{“dec_owner_life”:13}];[]
229;Gargola;Gárgola;Gargoyle;70;rare;34;2;creature;[[“monster”, “normal”], [“size”, “big”]];crt_gargola_g.jpg;8;20;20;none;shield;normal;defender;[];[];[];[];[];[]
230;Argnathor Domic;Argnathor Domic;Argnathor Domic;100;epic;35;1;creature;[[“monster”, “dragon”], [“size”, “colossal”], [“magic”, “green”], [“magic”, “black”], [“magic”, “blue”]];crt_argnathor_domic_g.jpg;40;0;35;none;none;normal;normal;[{“pay”:80, “inc_self_attack”:1, “limit”: -1}];[];[{“alter_opponent_field”: {“do”: “destroy”, “quantity”: 1, “type”: “amulet”}}, {”block_spin_opponent_creature”:10}];[];[];[]
231;Barrera Mistica x 3;Barrera Mística III;Mystic Barrier III;80;legendary;35;2;spell;[[“magic”, “white”], [“magic”, “green”]];crt_barrera_mistica3_g.jpg;15;0;0;none;none;normal;normal;[{“pay”:4, “alter_opponent_field”: {“do”: “delete_mystic_status_from_all_creatures”}, “limit”: 1}, {“pay”:4, “alter_owner_field”: {“do”: “inc_defense_in_all_creatures”, “quantity”: 15}, “limit”: 1}];[];[];[];[];[]
232;Elfo Brujo;Elfo Brujo;Elf Warlock;100;epic;35;1;creature;[[“humanoid”, “elf”], [“size”, “normal”], [“magic”, “black”], [“magic”, “blue”]];crt_elfo_brujo_g.jpg;35;5;0;none;none;normal;normal;[{“pay”:10, “inc_self_attack”:2, “limit”: 5}];[];[{“alter_opponent_field”: {“do”: “destroy”, “quantity”: 2, “type”: “power”}}];[];[];[]
233;Fuente de vida x 5;Fuente de Vida V;Life Fountain V;85;legendary;35;2;spell;[[“magic”, “red”]];crt_fuente_vida5_g.jpg;25;0;0;none;none;normal;normal;[{“pay”:10,”inc_owner_life”:25, “limit”:1}];[];[];[];[];[]
234;Gargola de Oro;Gárgola de Oro;Golden Gargoyle;65;rare;35;2;creature;[[“monster”, “normal”], [“size”, “big”], [“magic”, “blue”]];crt_gargola_oro_g.jpg;20;30;5;none;shield;normal;defender;[{“pay”:2, “inc_self_attack”:5, “limit”: 5}];[];[];[];[];[]
235;Incael;Incael;Incael;79;legendary;35;2;creature;[[“monster”, “bug”], [“size”, “big”], [“magic”, “blue”]];crt_incael_g.jpg;18;2;1;none;none;normal;normal;[{“pay”:60, “inc_self_attack”:1, “limit”: -1}];[];[];[];[];[]
236;Rueda x 2;Rueda II;Wheel II;95;legendary;35;2;spell;[[“magic”, “green”]];crt_rueda2_g.jpg;45;0;0;none;none;normal;normal;[{“pay”: 20, “draw_cards”: 2, “limit”: 2}];[];[];[];[];[]
237;Sanal;Sanal;Sanal;100;epic;35;2;spell;[[“magic”, “white”], [“magic”, “red”]];crt_sanal_g.jpg;60;0;0;none;none;normal;normal;[{“pay”:10,“alter_owner_field”: {“do”: “set_shield_to_all_creatures”, “quantity”: 1, “inc_defense”: 20}, “limit”:1}, {“pay”:10, “alter_owner_field” : {“do”: “inc_defense_in_all_creatures”, “quantity”: 12}, “limit”: 1}, {“pay”:5,”inc_owner_life”:10, “limit”:1}];[];[];[];[];[]
238;Poder Mental x 9;Poder Mental IX;Mental Power IX;99;legendary;36;2;spell;[[“magic”, “green”]];crt_poder_mental9_g.jpg;25;0;0;none;none;normal;normal;[{“pay”:10,”block_spin_opponent_power”:4, “limit”:1},{“pay”:5,”block_spin_opponent_creature”:1, “limit”:1}];[];[];[];[];[]
239;Poderador x 5;Poderador V;Powereder V;95;legendary;36;2;spell;[[“magic”, “white”], [“magic”, “blue”]];crt_poderador5_g.jpg;10;0;0;none;none;normal;normal;[{“pay”:10, “alter_owner_field” : {“do”: “inc_defense_in_all_creatures”, “quantity”: 10}, “limit”: 1}, {“pay”:5, “alter_owner_field” : {“do”: “inc_attack_in_all_creatures”, “quantity”: 10}, “limit”: 1}];[];[];[];[];[]
240;Remente;Remente;Remente;50;normal;36;2;creature;[[“monster”, “water”], [“size”, “big”], [“magic”, “blue”]];crt_remente_g.jpg;14;0;2;sword;shield;berserker;berserker;[{“pay”:30, “inc_self_attack”:2, “limit”: -1}];[];[];[];[];[]
241;Ruinthz x 2;Ruinthz II;Ruinthz II;95;legendary;36;2;spell;[[“magic”, “black”]];crt_ruinthz2_g.jpg;50;0;0;none;none;normal;normal;[{“pay”: 30, “limit”:1, “alter_opponent_field”: {“do”: “destroy”, “quantity”: 2, “type”: “power”}}];[];[];[];[];[]
242;Sibad;Sibad;Sibad;90;legendary;36;2;creature;[[“monster”, “normal”], [“size”, “big”], [“magic”, “blue”]];crt_sibad_g.jpg;12;6;12;wand;shield;mystical;defender;[];[];[];[];[];[]
243;Agathirmur;Agathirmur;Agathirmur;85;legendary;37;2;creature;[[“monster”, “dragon”], [“size”, “big”]];crt_agathirmur_g.jpg;17;30;10;none;shield;normal;defender;[{“pay”:3, “inc_self_attack”:9, “limit”: 5}];[];[];[];[];[]
244;Rataria;Rataria;Rataria;70;rare;37;2;creature;[[“monster”, “normal”], [“size”, “big”], [“magic”, “blue”]];crt_rataria_g.jpg;15;0;20;sword;shield;berserker;berserker;[{“pay”:80, “inc_self_attack”:1, “limit”: -1}];[];[];[];[{“dec_owner_life”:20}];[]
245;Fase;Fase;Fase;70;rare;38;2;creature;[[“monster”, “bug”], [“size”, “big”], [“magic”, “blue”]];crt_fase_g.jpg;16;0;16;none;none;normal;normal;[{“pay”:55, “inc_self_attack”:2, “limit”: -1}];[];[];[];[{“dec_owner_life”:16}];[]
246;Garbol;Garbol;Garbol;75;legendary;38;2;creature;[[“monster”, “water”], [“size”, “big”]];crt_garbol_g.jpg;14;22;38;none;shield;normal;defender;[];[];[];[];[];[]
247;Hijo de Keathan;Hijo de Keathan;Son of Keathan;100;epic;39;2;creature;[[“monster”, “god”], [“size”, “cosmic”]];crt_hijo_keathan_g.jpg;20;0;15;wand;shield;mystical;defender;[{“pay”:6, “inc_self_attack”:9, “limit”: -1}];[];[];[];[{“dec_owner_life”:15}];[]
248;Krahn;Krahn;Krahn;80;legendary;39;2;creature;[[“monster”, “god”], [“size”, “cosmic”]];crt_krahn_g.jpg;20;20;32;sword;shield;berserker;berserker;[];[];[];[];[];[]
249;Veneno x 5;Veneno V;Poison V;95;legendary;39;2;spell;[[“magic”, “red”]];crt_veneno5_g.jpg;15;0;0;none;none;normal;normal;[{“pay”:10,”dec_opponent_life”:20, “limit”:1}];[];[];[];[];[]
250;Athar Zum;Athar Zum;Athar Zum;95;legendary;40;1;creature;[[“monster”, “bug”], [“size”, “normal”], [“magic”, “blue”], [“magic”, “black”]];crt_athar_zum_g.jpg;50;0;0;none;none;normal;normal;[{“pay”:100, “inc_self_attack”:1, “limit”: -1}];[];[{“alter_opponent_field”: {“do”: “destroy”, “quantity”: 2, “type”: “creature”}}];[];[];[]
251;Bestia del Caos;Bestia del Caos;Chaos Beast;100;epic;40;2;creature;[[“monster”, “god”], [“size”, “big”], [“magic”, “blue”]];crt_bestia_caos_g.jpg;0;10;40;none;none;normal;normal;[{“pay”:100, “inc_self_attack”:1, “limit”: -1}];[];[];[];[];[]
252;Drac Azul Mayor;Drac Azul Mayor;Great Blue Drac;80;legendary;40;2;creature;[[“monster”, “dragon”], [“size”, “colossal”]];crt_drac_azul_mayor_g.jpg;15;40;12;none;none;normal;normal;[];[];[];[];[{“dec_owner_life”:12}];[]
253;Drac Blanco Mayor;Drac Blanco Mayor;Great White Drac;65;rare;40;2;creature;[[“monster”, “dragon”], [“size”, “colossal”]];crt_drac_blanco_mayor_g.jpg;20;42;10;none;none;normal;normal;[];[];[];[];[{“dec_owner_life”:10}];[]
254;Dragon Marron;Dragón Marrón;Brown Dragon;50;normal;40;2;creature;[[“monster”, “dragon”], [“size”, “colossal”], [“magic”, “blue”]];crt_dragon_marron_g.jpg;10;25;10;sword;shield;berserker;berserker;[{“pay”:9, “inc_self_attack”:3, “limit”: -1}];[];[];[];[{“dec_owner_life”:10}];[]
255;Tormentus;Tormentus;Tormentus;90;legendary;40;1;creature;[[“monster”, “wind”], [“magic”, “green”], [“magic”, “red”]];crt_tormentus_g.jpg;30;30;10;none;none;normal;normal;[];[];[{“draw_cards”: 2}, {“dec_opponent_life”: 40}];[];[];[]
256;Drac de Bronce;Drac de Bronce;Bronce Drac;70;rare;41;2;creature;[[“monster”, “dragon”], [“size”, “colossal”]];crt_drac_bronce_g.jpg;20;50;15;none;none;normal;normal;[];[];[];[];[{“dec_owner_life”:15}];[]
257;Dragon Dorado;Dragón Dorado;Golden Dragon;89;legendary;41;2;creature;[[“monster”, “dragon”], [“size”, “colossal”]];crt_dragon_dorado_g.jpg;30;60;10;none;none;normal;normal;[];[];[];[];[];[]
258;Ruinthz x 3;Ruinthz III;Ruinthz III;100;epic;41;2;spell;[[“magic”, “black”]];crt_ruinthz3_g.jpg;55;0;0;none;none;normal;normal;[{“pay”: 35, “limit”:1, “alter_opponent_field”: {“do”: “destroy”, “quantity”: 3, “type”: “power”}}];[];[];[];[];[]
259;Asxel;Asxel;Asxel;60;rare;42;2;creature;[[“monster”, “earth”], [“magic”, “blue”]];crt_asxel_g.jpg;20;1;30;none;none;normal;normal;[{“pay”:100, “inc_self_attack”:1, “limit”: -1}];[];[];[];[{“dec_owner_life”:30}];[]
260;Dragon Plateado;Dragón Plateado;Silver Dragon;80;legendary;42;2;creature;[[“monster”, “dragon”], [“size”, “colossal”]];crt_dragon_plateado_g.jpg;27;55;30;none;none;normal;normal;[];[];[];[];[];[]
261;Kurth Arth x 4;Kurth Arth IV;Kurth Arth IV;100;epic;42;2;spell;[[“magic”, “black”]];crt_kurth_arth4_g.jpg;30;0;0;none;none;normal;normal;[{“pay”: 35, “limit”:1, “alter_opponent_field”: {“do”: “destroy”, “quantity”: 3, “type”: “amulet”}}];[];[];[];[];[]
262;Rueda x 3;Rueda III;Wheel III;100;epic;42;2;spell;[[“magic”, “green”]];crt_rueda3_g.jpg;60;0;0;none;none;normal;normal;[{“pay”: 25, “draw_cards”: 3, “limit”: 1}];[];[];[];[];[]
263;Stazhart;Stazhart;Stazhart;75;legendary;42;2;creature;[[“monster”, “dragon”], [“size”, “big”]];crt_stazhart_g.jpg;25;35;45;none;shield;normal;defender;[];[];[];[];[];[]
264;Angrath;Angrath;Angrath;100;epic;43;2;creature;[[“monster”, “dragon”], [“size”, “big”]];crt_angrath_g.jpg;30;20;80;none;none;normal;normal;[];[];[];[];[];[]
265;GraDrac;GraDrac;GraDrac;50;normal;43;2;creature;[[“monster”, “dragon”], [“size”, “colossal”]];crt_gradrac_g.jpg;18;55;20;none;none;normal;normal;[];[];[];[];[{“dec_owner_life”:20}];[]
266;Drac Verde Mayor;Drac Verde Mayor;Great Green Drac;70;rare;44;2;creature;[[“monster”, “dragon”], [“size”, “colossal”]];crt_drac_verde_mayor_g.jpg;18;60;25;none;none;normal;normal;[];[];[];[];[{“dec_owner_life”:25}];[]
267;Volatilh;Volatilh;Volatilh;80;legendary;44;2;creature;[[“monster”, “god”], [“size”, “big”], [“magic”, “white”]];crt_volatilh_g.jpg;40;40;0;wand;sword/shield;mystical;berserker;[{“pay”:40, “inc_self_defense”:1, “limit”: -1}];[];[];[];[];[]
268;Acrum x 4;Acrum IV;Acrum IV;100;epic;45;2;spell;[[“magic”, “black”]];crt_acrum4_g.jpg;50;0;0;none;none;normal;normal;[{“pay”: 25, “limit”:1, “alter_opponent_field”: {“do”: “destroy”, “quantity”: 3, “type”: “creature”}}];[];[];[];[];[]
269;Gigante;Gigante;Giant;100;epic;45;2;creature;[[“humanoid”, “giant”], [“size”, “big”],  [“magic”, “blue”]];crt_gigante_g.jpg;22;1;20;none;none;normal;normal;[{“pay”:100, “inc_self_attack”:1, “limit”: -1}];[];[];[];[];[]
270;Grath;Grath;Grath;70;rare;45;2;creature;[[“monster”, “dragon”], [“size”, “big”],  [“magic”, “blue”]];crt_grath_g.jpg;19;20;40;none;shield;normal;defender;[{“pay”:5, “inc_self_attack”:6, “limit”: 5}];[];[];[];[];[]
271;Insignia Solamnica;Insignia Solamnica;Solamnic Badge;100;epic;45;2;spell;[[“magic”, “white”], [“magic”, “blue”]];crt_insignia_solamnica_g.jpg;35;0;0;none;none;normal;normal;[{“pay”:10,“alter_owner_field”: {“do”: “set_shield_to_all_creatures”, “quantity”: 1}, “limit”:1}, {“pay”:10, “alter_owner_field” : {“do”: “inc_attack_in_all_creatures”, “quantity”: 20}, “limit”: 1}, {“pay”:5, “alter_opponent_field”: {“do”: “delete_mystic_status_from_all_creatures”}, “limit”: 1}];[];[];[];[];[]
272;Poder Mental x 10;Poder Mental X;Mental Power X;99;legendary;45;2;spell;[[“magic”, “green”]];crt_poder_mental10_g.jpg;35;0;0;none;none;normal;normal;[{“pay”:10,”block_spin_opponent_power”:2, “limit”:1},{“pay”:5,”block_spin_opponent_creature”:5, “limit”:1}];[];[];[];[];[]
273;Genios;Genios;Djins;100;epic;46;2;creature;[[“humanoid”, “demon”], [“size”, “group”], [“magic”, “blue”]];crt_genios_g.jpg;50;30;35;wand;shield;mystical;defender;[{“pay”:40, “inc_self_attack”:1, “limit”: -1}];[];[];[];[];[]
274;Imnazthril;Imnazthril;Imnazthril;100;epic;46;2;creature;[[“monster”, “dragon”], [“size”, “big”]];crt_imnazthril_g.jpg;45;10;100;none;shield;normal;defender;[];[];[];[];[];[]
275;Oroth Fezhal;Oroth Fezhal;Oroth Fezhal;75;legendary;46;2;creature;[[“monster”, “god”], [“size”, “big”], [“magic”, “blue”]];crt_oroth_fezhal_g.jpg;20;10;80;none;none;normal;normal;[{“pay”:70, “inc_self_attack”:1, “limit”: -1}];[];[];[];[];[]
276;Dragon Demonio;Dragón Demonio;Demon Dragon;80;legendary;47;2;creature;[[“monster”, “dragon”], [“size”, “big”]];crt_dragon_demonio_g.jpg;20;60;20;none;none;normal;normal;[];[];[];[];[{“dec_owner_life”:20}];[]
277;Dragon Negro;Dragón Negro;Black Dragon;70;rare;47;2;creature;[[“monster”, “dragon”], [“size”, “big”]];crt_dragon_negro_g.jpg;35;70;20;none;none;normal;normal;[];[];[];[];[{“dec_owner_life”:20}];[]
278;Pesadilla;Pesadilla;Nightmare;100;epic;48;2;creature;[[“monster”, “fire”], [“size”, “big”], [“magic”, “blue”]];crt_pesadilla_g.jpg;0;0;35;wand;shield;mystical;defender;[{“pay”:100, “inc_self_attack”:1, “limit”: -1}];[];[];[];[];[]
279;Reptenzh;Reptenzh;Reptenzh;75;legendary;48;2;creature;[[“monster”, “god”], [“size”, “big”], [“magic”, “blue”]];crt_reptenzh_g.jpg;35;60;20;none;none;normal;normal;[{“pay”:20, “inc_self_attack”:1, “limit”: -1}];[];[];[];[{“dec_owner_life”:20}];[]
280;Dragon Oscuro;Dragón Oscuro;Dark Dragon;99;legendary;49;2;creature;[[“monster”, “dragon”], [“size”, “colossal”]];crt_dragon_oscuro_g.jpg;30;45;40;none;shield;normal;defender;[];[];[];[];[];[]
281;Poder Mental x 11;Poder Mental XI;Mental Power XI;99;legendary;49;2;spell;[[“magic”, “green”]];crt_poder_mental11_g.jpg;40;0;0;none;none;normal;normal;[{“pay”:10,”block_spin_opponent_power”:3, “limit”:1},{“pay”:10,”block_spin_opponent_creature”:6, “limit”:1}];[];[];[];[];[]
282;Tentaculo;Tentáculo;Tentacle;100;epic;49;2;creature;[[“monster”, “god”], [“size”, “big”], [“magic”, “blue”]];crt_tentaculo_g.jpg;35;10;85;wand;shield;mystical;defender;[{“pay”:10, “inc_self_attack”:3, “limit”: -1}];[];[];[];[];[]
283;Keatahn;Keatahn;Keatahn;100;epic;50;2;creature;[[“monster”, “god”], [“size”, “cosmic”], [“magic”, “blue”]];crt_keatahn_g.jpg;0;0;15;wand;shield;mystical;defender;[{“pay”:20, “inc_self_attack”:3, “limit”: -1}];[];[];[];[];[]
284;Poder x 20;Poder XX;Power XX;100;epic;50;5;power;[[“power”, “normal”]];crt_poder20_g.jpg;0;0;0;none;none;normal;normal;[];[];[];[{“pay”:0,”inc_owner_power”:20, “limit”:-1}];[];[]
